"RM_Start","Reach","Year","Species_Codes","CPUE_m"
59,"San Acacia",2010,"CYPLUT",0.0189095493224078
60,"San Acacia",2010,"CYPLUT",0.185680829708933
69,"San Acacia",2010,"CYPLUT",0.0412825099766066
79,"San Acacia",2010,"CYPLUT",0
87,"San Acacia",2010,"CYPLUT",0.00319004705319403
92,"San Acacia",2010,"CYPLUT",0.00935716290820623
100,"San Acacia",2010,"CYPLUT",0.263209202573601
115,"San Acacia",2010,"CYPLUT",0.0415081286751989
116,"San Acacia",2010,"CYPLUT",0.226434965771459
117,"Isleta",2010,"CYPLUT",0.0182848784055586
127,"Isleta",2010,"CYPLUT",0.816384380979378
131,"Isleta",2010,"CYPLUT",0.182451484491624
143,"Isleta",2010,"CYPLUT",0.803177405119153
152,"Isleta",2010,"CYPLUT",0.407943349753695
161,"Isleta",2010,"CYPLUT",0.697546937097437
59,"San Acacia",2011,"CYPLUT",0.0403632694248234
60,"San Acacia",2011,"CYPLUT",0.0901419255849636
69,"San Acacia",2011,"CYPLUT",0.0500788277844756
79,"San Acacia",2011,"CYPLUT",0
87,"San Acacia",2011,"CYPLUT",0.0482072913528171
92,"San Acacia",2011,"CYPLUT",0.00719230423446912
100,"San Acacia",2011,"CYPLUT",0.0728306243893774
115,"San Acacia",2011,"CYPLUT",0.0336467095497279
116,"San Acacia",2011,"CYPLUT",0.0178594208444955
117,"Isleta",2011,"CYPLUT",0.222021215360579
127,"Isleta",2011,"CYPLUT",0.981266726137377
131,"Isleta",2011,"CYPLUT",1.37237146594225
143,"Isleta",2011,"CYPLUT",1.27416798732171
152,"Isleta",2011,"CYPLUT",1.48100172711572
59,"San Acacia",2012,"CYPLUT",0.0768997268036021
60,"San Acacia",2012,"CYPLUT",0.261911957288204
69,"San Acacia",2012,"CYPLUT",0.121266968325792
115,"San Acacia",2012,"CYPLUT",0.165837479270315
116,"San Acacia",2012,"CYPLUT",0.722412459958025
117,"Isleta",2012,"CYPLUT",0.0528714676390155
127,"Isleta",2012,"CYPLUT",1.35269889442879
131,"Isleta",2012,"CYPLUT",4.02290076335878
143,"Isleta",2012,"CYPLUT",1.98826860841424
152,"Isleta",2012,"CYPLUT",3.11647593666719
59,"San Acacia",2013,"CYPLUT",0.355305310164062
60,"San Acacia",2013,"CYPLUT",0.48048048048048
69,"San Acacia",2013,"CYPLUT",0.434401053093462
79,"San Acacia",2013,"CYPLUT",0.0153683603880511
87,"San Acacia",2013,"CYPLUT",0.0726273432132692
92,"San Acacia",2013,"CYPLUT",0.0698401029222569
100,"San Acacia",2013,"CYPLUT",0.166335201591032
115,"San Acacia",2013,"CYPLUT",0.036003600360036
116,"San Acacia",2013,"CYPLUT",0.0229357798165138
117,"Isleta",2013,"CYPLUT",0
127,"Isleta",2013,"CYPLUT",0.83686536207052
131,"Isleta",2013,"CYPLUT",0.817428185849238
143,"Isleta",2013,"CYPLUT",1.67163585768237
152,"Isleta",2013,"CYPLUT",0.512617516081148
161,"Isleta",2013,"CYPLUT",0.390234336699676
59,"San Acacia",2014,"CYPLUT",0.107969622106323
60,"San Acacia",2014,"CYPLUT",0.119782548604073
69,"San Acacia",2014,"CYPLUT",0.0847808105872622
79,"San Acacia",2014,"CYPLUT",0.00570857713714857
87,"San Acacia",2014,"CYPLUT",0.0141399858600141
92,"San Acacia",2014,"CYPLUT",0.0503250157265674
100,"San Acacia",2014,"CYPLUT",0.230198652911587
115,"San Acacia",2014,"CYPLUT",0.021978021978022
116,"San Acacia",2014,"CYPLUT",0.169689877121123
117,"Isleta",2014,"CYPLUT",0.0234388079691947
127,"Isleta",2014,"CYPLUT",0.333104732046635
131,"Isleta",2014,"CYPLUT",0.51317752362009
143,"Isleta",2014,"CYPLUT",0.354801388353259
152,"Isleta",2014,"CYPLUT",0.41509817885848
161,"Isleta",2014,"CYPLUT",0.36723706979427
59,"San Acacia",2015,"CYPLUT",0.060665536622357
60,"San Acacia",2015,"CYPLUT",0.0421533327478704
69,"San Acacia",2015,"CYPLUT",0.0625978090766823
79,"San Acacia",2015,"CYPLUT",0.0039412750024633
92,"San Acacia",2015,"CYPLUT",0
100,"San Acacia",2015,"CYPLUT",0.0162999185004075
115,"San Acacia",2015,"CYPLUT",0.0591715976331361
116,"San Acacia",2015,"CYPLUT",0.0854531001589825
117,"Isleta",2015,"CYPLUT",0.0582453585729887
127,"Isleta",2015,"CYPLUT",0.198119882745376
131,"Isleta",2015,"CYPLUT",0.127157129881926
143,"Isleta",2015,"CYPLUT",0.136986301369863
152,"Isleta",2015,"CYPLUT",0.178245463330828
161,"Isleta",2015,"CYPLUT",0.131037064769749
59,"San Acacia",2016,"CYPLUT",0.109239029809295
60,"San Acacia",2016,"CYPLUT",0.282718592023966
69,"San Acacia",2016,"CYPLUT",0.110808709175739
79,"San Acacia",2016,"CYPLUT",0
87,"San Acacia",2016,"CYPLUT",0.0114077116130504
92,"San Acacia",2016,"CYPLUT",0.0359809301070433
100,"San Acacia",2016,"CYPLUT",0.0193817230351778
115,"San Acacia",2016,"CYPLUT",0.0281399493480912
116,"San Acacia",2016,"CYPLUT",0.843890478136494
117,"Isleta",2016,"CYPLUT",0.0128901574440659
127,"Isleta",2016,"CYPLUT",0.0543900543900544
131,"Isleta",2016,"CYPLUT",0.447107216310471
143,"Isleta",2016,"CYPLUT",0.318320944468736
152,"Isleta",2016,"CYPLUT",0.168875797741777
161,"Isleta",2016,"CYPLUT",0.326285089318265
59,"San Acacia",2017,"CYPLUT",0.667357512953368
60,"San Acacia",2017,"CYPLUT",0.0555081127241674
69,"San Acacia",2017,"CYPLUT",0.320702686140333
79,"San Acacia",2017,"CYPLUT",0.0370179948586118
87,"San Acacia",2017,"CYPLUT",0.00349070599528755
92,"San Acacia",2017,"CYPLUT",0.0605449041372351
100,"San Acacia",2017,"CYPLUT",0.0138806266111442
115,"San Acacia",2017,"CYPLUT",0.21370207416719
116,"San Acacia",2017,"CYPLUT",0.0431560183882165
117,"Isleta",2017,"CYPLUT",0.00178173719376392
127,"Isleta",2017,"CYPLUT",0.0708333333333333
131,"Isleta",2017,"CYPLUT",0.388204553938037
143,"Isleta",2017,"CYPLUT",0.540864356011981
152,"Isleta",2017,"CYPLUT",0.161522930487453
161,"Isleta",2017,"CYPLUT",0.589331676577616
107,"San Acacia",2017,"CYPLUT",0
120,"Isleta",2017,"CYPLUT",0.0781395348837209
137,"Isleta",2017,"CYPLUT",0.365783958849305
156,"Isleta",2017,"CYPLUT",0.19673252929604
165,"Isleta",2017,"CYPLUT",0.270346381301042
59,"San Acacia",2018,"CYPLUT",0.604958361252034
60,"San Acacia",2018,"CYPLUT",0.96875
69,"San Acacia",2018,"CYPLUT",0.143041621138373
87,"San Acacia",2018,"CYPLUT",0.00263782643102084
92,"San Acacia",2018,"CYPLUT",0.0252951096121417
100,"San Acacia",2018,"CYPLUT",0.845708076783774
115,"San Acacia",2018,"CYPLUT",0.125714285714286
116,"San Acacia",2018,"CYPLUT",0.408658709285859
117,"Isleta",2018,"CYPLUT",0
127,"Isleta",2018,"CYPLUT",0.361797315697335
131,"Isleta",2018,"CYPLUT",2.0297566262686
143,"Isleta",2018,"CYPLUT",1.80683617397783
152,"Isleta",2018,"CYPLUT",0.270214092704219
161,"Isleta",2018,"CYPLUT",0.650078850534431
107,"San Acacia",2018,"CYPLUT",0.622060094076989
120,"Isleta",2018,"CYPLUT",0.141291549678471
137,"Isleta",2018,"CYPLUT",0.558148395085246
156,"Isleta",2018,"CYPLUT",0.702435238187639
165,"Isleta",2018,"CYPLUT",0.628908343755583
89,"San Acacia",2018,"CYPLUT",0
58,"San Acacia",2019,"CYPLUT",0.372706978549937
60,"San Acacia",2019,"CYPLUT",0.476621964479884
68,"San Acacia",2019,"CYPLUT",0.456502152367604
79,"San Acacia",2019,"CYPLUT",0.317596566523605
88,"San Acacia",2019,"CYPLUT",0.0428891704844527
92,"San Acacia",2019,"CYPLUT",0.11593082793933
100,"San Acacia",2019,"CYPLUT",0.0538989828740329
114,"San Acacia",2019,"CYPLUT",0.0632848808464353
116,"San Acacia",2019,"CYPLUT",0.0785854616895874
117,"Isleta",2019,"CYPLUT",0.00194988788144682
127,"Isleta",2019,"CYPLUT",0.389887298202863
131,"Isleta",2019,"CYPLUT",0.368831695207215
143,"Isleta",2019,"CYPLUT",0.241809672386895
151,"Isleta",2019,"CYPLUT",0.29408822646794
162,"Isleta",2019,"CYPLUT",0.518610659267056
106,"San Acacia",2019,"CYPLUT",0.1806684733514
120,"Isleta",2019,"CYPLUT",0.439716312056738
137,"Isleta",2019,"CYPLUT",0.60575466935891
156,"Isleta",2019,"CYPLUT",0.378724589250905
165,"Isleta",2019,"CYPLUT",0.630865989356555
58,"San Acacia",2020,"CYPLUT",1.05287409284645
60,"San Acacia",2020,"CYPLUT",0.578947368421053
68,"San Acacia",2020,"CYPLUT",0.746067415730337
79,"San Acacia",2020,"CYPLUT",0
100,"San Acacia",2020,"CYPLUT",1.81670557190703
114,"San Acacia",2020,"CYPLUT",1.39566660160062
116,"San Acacia",2020,"CYPLUT",3.57894736842105
117,"Isleta",2020,"CYPLUT",0.524699972090427
127,"Isleta",2020,"CYPLUT",1.8031644939795
131,"Isleta",2020,"CYPLUT",0.58241857933412
143,"Isleta",2020,"CYPLUT",0.29698460417236
151,"Isleta",2020,"CYPLUT",4.86791648913507
162,"Isleta",2020,"CYPLUT",0.558264028295574
106,"San Acacia",2020,"CYPLUT",0.947336253437914
120,"Isleta",2020,"CYPLUT",0.52257525083612
137,"Isleta",2020,"CYPLUT",1.11530579225542
165,"Isleta",2020,"CYPLUT",1.04814253222138
63,"San Acacia",2020,"CYPLUT",3.5013188949049
96,"San Acacia",2020,"CYPLUT",0.00202326757713708
150,"Isleta",2020,"CYPLUT",1.10071342536829
58,"San Acacia",2021,"CYPLUT",0.0064177986950476
60,"San Acacia",2021,"CYPLUT",0.0282916213275299
68,"San Acacia",2021,"CYPLUT",0.0825697311448998
79,"San Acacia",2021,"CYPLUT",0.00176444640494045
88,"San Acacia",2021,"CYPLUT",0.00215540467722815
92,"San Acacia",2021,"CYPLUT",0.0019698611247907
100,"San Acacia",2021,"CYPLUT",0.161943319838057
114,"San Acacia",2021,"CYPLUT",0.0549102428722281
116,"San Acacia",2021,"CYPLUT",0.0082687338501292
117,"Isleta",2021,"CYPLUT",0.00869792119683396
127,"Isleta",2021,"CYPLUT",1.59348301212001
131,"Isleta",2021,"CYPLUT",0.471726640459631
143,"Isleta",2021,"CYPLUT",1.85563041385948
151,"Isleta",2021,"CYPLUT",0.955553242427397
162,"Isleta",2021,"CYPLUT",0.344119659790791
106,"San Acacia",2021,"CYPLUT",0.0285306704707561
120,"Isleta",2021,"CYPLUT",0.135162396610853
137,"Isleta",2021,"CYPLUT",1.52637900766885
156,"Isleta",2021,"CYPLUT",0.392282958199357
165,"Isleta",2021,"CYPLUT",0.460323574730354
59,"San Acacia",2010,"PLAGRA",0.00472738733060195
60,"San Acacia",2010,"PLAGRA",0.0200736032117765
69,"San Acacia",2010,"PLAGRA",0.00275216733177377
79,"San Acacia",2010,"PLAGRA",0
87,"San Acacia",2010,"PLAGRA",0.00319004705319403
92,"San Acacia",2010,"PLAGRA",0.00748573032656499
100,"San Acacia",2010,"PLAGRA",0.0818873074673426
115,"San Acacia",2010,"PLAGRA",0.0242130750605327
116,"San Acacia",2010,"PLAGRA",0.0473933649289099
117,"Isleta",2010,"PLAGRA",0.385810934357287
127,"Isleta",2010,"PLAGRA",0.00283466798951173
131,"Isleta",2010,"PLAGRA",0.00165864985901476
143,"Isleta",2010,"PLAGRA",0.00176522506619594
152,"Isleta",2010,"PLAGRA",0
161,"Isleta",2010,"PLAGRA",0.00137042620254899
59,"San Acacia",2011,"PLAGRA",0
60,"San Acacia",2011,"PLAGRA",0.00767165324127349
69,"San Acacia",2011,"PLAGRA",0
79,"San Acacia",2011,"PLAGRA",0
87,"San Acacia",2011,"PLAGRA",0
92,"San Acacia",2011,"PLAGRA",0
100,"San Acacia",2011,"PLAGRA",0
115,"San Acacia",2011,"PLAGRA",0.0217714002968827
116,"San Acacia",2011,"PLAGRA",0.160734787600459
117,"Isleta",2011,"PLAGRA",0.0230244223336897
127,"Isleta",2011,"PLAGRA",0
131,"Isleta",2011,"PLAGRA",0
143,"Isleta",2011,"PLAGRA",0
152,"Isleta",2011,"PLAGRA",0
59,"San Acacia",2012,"PLAGRA",0
60,"San Acacia",2012,"PLAGRA",0.00805882945502166
69,"San Acacia",2012,"PLAGRA",0
115,"San Acacia",2012,"PLAGRA",0.0429226416934933
116,"San Acacia",2012,"PLAGRA",0.0309289738208329
117,"Isleta",2012,"PLAGRA",0.0127620783956244
127,"Isleta",2012,"PLAGRA",0
131,"Isleta",2012,"PLAGRA",0
143,"Isleta",2012,"PLAGRA",0
152,"Isleta",2012,"PLAGRA",0
59,"San Acacia",2013,"PLAGRA",0
60,"San Acacia",2013,"PLAGRA",0.002002002002002
69,"San Acacia",2013,"PLAGRA",0.00219394471259324
79,"San Acacia",2013,"PLAGRA",0
87,"San Acacia",2013,"PLAGRA",0.0019629011679262
92,"San Acacia",2013,"PLAGRA",0
100,"San Acacia",2013,"PLAGRA",0.00361598264328331
115,"San Acacia",2013,"PLAGRA",0.024002400240024
116,"San Acacia",2013,"PLAGRA",0.0145954962468724
117,"Isleta",2013,"PLAGRA",0.0335570469798658
127,"Isleta",2013,"PLAGRA",0.00180358914239336
131,"Isleta",2013,"PLAGRA",0
143,"Isleta",2013,"PLAGRA",0
152,"Isleta",2013,"PLAGRA",0
161,"Isleta",2013,"PLAGRA",0.00196097656633003
59,"San Acacia",2014,"PLAGRA",0.00182999359502242
60,"San Acacia",2014,"PLAGRA",0.00737123376025062
69,"San Acacia",2014,"PLAGRA",0.00206782464846981
79,"San Acacia",2014,"PLAGRA",0
87,"San Acacia",2014,"PLAGRA",0
92,"San Acacia",2014,"PLAGRA",0.0125812539316419
100,"San Acacia",2014,"PLAGRA",0.00511552562025748
115,"San Acacia",2014,"PLAGRA",0.0677655677655678
116,"San Acacia",2014,"PLAGRA",0.0409596255119953
117,"Isleta",2014,"PLAGRA",0.0217646073999665
127,"Isleta",2014,"PLAGRA",0
131,"Isleta",2014,"PLAGRA",0
143,"Isleta",2014,"PLAGRA",0
152,"Isleta",2014,"PLAGRA",0.00406958998880863
161,"Isleta",2014,"PLAGRA",0.0038454143433955
59,"San Acacia",2015,"PLAGRA",0
60,"San Acacia",2015,"PLAGRA",0.0052691665934838
69,"San Acacia",2015,"PLAGRA",0.00417318727177882
79,"San Acacia",2015,"PLAGRA",0.00197063750123165
92,"San Acacia",2015,"PLAGRA",0
100,"San Acacia",2015,"PLAGRA",0.0101874490627547
115,"San Acacia",2015,"PLAGRA",0.011094674556213
116,"San Acacia",2015,"PLAGRA",0.0775039745627981
117,"Isleta",2015,"PLAGRA",0.0273025118310885
127,"Isleta",2015,"PLAGRA",0.00404326291317093
131,"Isleta",2015,"PLAGRA",0.00201836714098295
143,"Isleta",2015,"PLAGRA",0.0117416829745597
152,"Isleta",2015,"PLAGRA",0.00429507140556212
161,"Isleta",2015,"PLAGRA",0.00561587420441782
59,"San Acacia",2016,"PLAGRA",0
60,"San Acacia",2016,"PLAGRA",0.00374461711290021
69,"San Acacia",2016,"PLAGRA",0.00388802488335925
79,"San Acacia",2016,"PLAGRA",0
87,"San Acacia",2016,"PLAGRA",0.00228154232261008
92,"San Acacia",2016,"PLAGRA",0.0251866510749303
100,"San Acacia",2016,"PLAGRA",0.00969086151758891
115,"San Acacia",2016,"PLAGRA",0.0318919425945033
116,"San Acacia",2016,"PLAGRA",0.0388230486309767
117,"Isleta",2016,"PLAGRA",0.0313046680784458
127,"Isleta",2016,"PLAGRA",0
131,"Isleta",2016,"PLAGRA",0
143,"Isleta",2016,"PLAGRA",0
152,"Isleta",2016,"PLAGRA",0.00196367206676485
161,"Isleta",2016,"PLAGRA",0.016405395552315
59,"San Acacia",2017,"PLAGRA",0
60,"San Acacia",2017,"PLAGRA",0
69,"San Acacia",2017,"PLAGRA",0
79,"San Acacia",2017,"PLAGRA",0
87,"San Acacia",2017,"PLAGRA",0.00872676498821887
92,"San Acacia",2017,"PLAGRA",0.00403632694248234
100,"San Acacia",2017,"PLAGRA",0.0436248264921674
115,"San Acacia",2017,"PLAGRA",0.00838047349675257
116,"San Acacia",2017,"PLAGRA",0.0112580917534478
117,"Isleta",2017,"PLAGRA",0.0623608017817372
127,"Isleta",2017,"PLAGRA",0
131,"Isleta",2017,"PLAGRA",0.00933184023889511
143,"Isleta",2017,"PLAGRA",0
152,"Isleta",2017,"PLAGRA",0.00384578405922508
161,"Isleta",2017,"PLAGRA",0.0106505724682702
107,"San Acacia",2017,"PLAGRA",0.00641231163834562
120,"Isleta",2017,"PLAGRA",0.00186046511627907
137,"Isleta",2017,"PLAGRA",0.00381024957134692
156,"Isleta",2017,"PLAGRA",0.00513215293815756
165,"Isleta",2017,"PLAGRA",0.0262836759598235
59,"San Acacia",2018,"PLAGRA",0
60,"San Acacia",2018,"PLAGRA",0
69,"San Acacia",2018,"PLAGRA",0
87,"San Acacia",2018,"PLAGRA",0.00527565286204168
92,"San Acacia",2018,"PLAGRA",0.00168634064080944
100,"San Acacia",2018,"PLAGRA",0.0488953277797899
115,"San Acacia",2018,"PLAGRA",0.00761904761904762
116,"San Acacia",2018,"PLAGRA",0.0505765729314182
117,"Isleta",2018,"PLAGRA",0.101717525429381
127,"Isleta",2018,"PLAGRA",0
131,"Isleta",2018,"PLAGRA",0
143,"Isleta",2018,"PLAGRA",0
152,"Isleta",2018,"PLAGRA",0.00207856994387861
161,"Isleta",2018,"PLAGRA",0
107,"San Acacia",2018,"PLAGRA",0.00575981568589805
120,"Isleta",2018,"PLAGRA",0.00181143012408296
137,"Isleta",2018,"PLAGRA",0
156,"Isleta",2018,"PLAGRA",0.00194042883477248
165,"Isleta",2018,"PLAGRA",0
89,"San Acacia",2018,"PLAGRA",0
58,"San Acacia",2019,"PLAGRA",0
60,"San Acacia",2019,"PLAGRA",0
68,"San Acacia",2019,"PLAGRA",0
79,"San Acacia",2019,"PLAGRA",0
88,"San Acacia",2019,"PLAGRA",0.00389901549858661
92,"San Acacia",2019,"PLAGRA",0.00386436093131098
100,"San Acacia",2019,"PLAGRA",0.0295575067373729
114,"San Acacia",2019,"PLAGRA",0.116681499060615
116,"San Acacia",2019,"PLAGRA",0.181494994854523
117,"Isleta",2019,"PLAGRA",0.101394169835234
127,"Isleta",2019,"PLAGRA",0
131,"Isleta",2019,"PLAGRA",0.00202654777586382
143,"Isleta",2019,"PLAGRA",0
151,"Isleta",2019,"PLAGRA",0
162,"Isleta",2019,"PLAGRA",0.00382738493924026
106,"San Acacia",2019,"PLAGRA",0.016260162601626
120,"Isleta",2019,"PLAGRA",0.00405268490374873
137,"Isleta",2019,"PLAGRA",0
156,"Isleta",2019,"PLAGRA",0.0092824654228163
165,"Isleta",2019,"PLAGRA",0.0212868892114175
58,"San Acacia",2020,"PLAGRA",0
60,"San Acacia",2020,"PLAGRA",0
68,"San Acacia",2020,"PLAGRA",0
79,"San Acacia",2020,"PLAGRA",0
100,"San Acacia",2020,"PLAGRA",0
114,"San Acacia",2020,"PLAGRA",0.103455006831934
116,"San Acacia",2020,"PLAGRA",0.0797138477261114
117,"Isleta",2020,"PLAGRA",0.00744255279560889
127,"Isleta",2020,"PLAGRA",0
131,"Isleta",2020,"PLAGRA",0
143,"Isleta",2020,"PLAGRA",0
151,"Isleta",2020,"PLAGRA",0
162,"Isleta",2020,"PLAGRA",0
106,"San Acacia",2020,"PLAGRA",0.0285219517164103
120,"Isleta",2020,"PLAGRA",0.00209030100334448
137,"Isleta",2020,"PLAGRA",0
165,"Isleta",2020,"PLAGRA",0
63,"San Acacia",2020,"PLAGRA",0
96,"San Acacia",2020,"PLAGRA",0
150,"Isleta",2020,"PLAGRA",0
58,"San Acacia",2021,"PLAGRA",0
60,"San Acacia",2021,"PLAGRA",0
68,"San Acacia",2021,"PLAGRA",0.00402779176316584
79,"San Acacia",2021,"PLAGRA",0
88,"San Acacia",2021,"PLAGRA",0
92,"San Acacia",2021,"PLAGRA",0
100,"San Acacia",2021,"PLAGRA",0
114,"San Acacia",2021,"PLAGRA",0.00633579725448786
116,"San Acacia",2021,"PLAGRA",0.0103359173126615
117,"Isleta",2021,"PLAGRA",0.0278333478298687
127,"Isleta",2021,"PLAGRA",0
131,"Isleta",2021,"PLAGRA",0
143,"Isleta",2021,"PLAGRA",0
151,"Isleta",2021,"PLAGRA",0
162,"Isleta",2021,"PLAGRA",0
106,"San Acacia",2021,"PLAGRA",0.019020446980504
120,"Isleta",2021,"PLAGRA",0
137,"Isleta",2021,"PLAGRA",0
156,"Isleta",2021,"PLAGRA",0
165,"Isleta",2021,"PLAGRA",0
59,"San Acacia",2010,"ICTPUN",0.00787897888433659
60,"San Acacia",2010,"ICTPUN",0.0200736032117765
69,"San Acacia",2010,"ICTPUN",0.00275216733177377
79,"San Acacia",2010,"ICTPUN",0
87,"San Acacia",2010,"ICTPUN",0.00159502352659702
92,"San Acacia",2010,"ICTPUN",0.00187143258164125
100,"San Acacia",2010,"ICTPUN",0.00389939559368298
115,"San Acacia",2010,"ICTPUN",0.0086475268073331
116,"San Acacia",2010,"ICTPUN",0.00526592943654555
117,"Isleta",2010,"ICTPUN",0.00548546352166758
127,"Isleta",2010,"ICTPUN",0.0198426759265821
131,"Isleta",2010,"ICTPUN",0.0132691988721181
143,"Isleta",2010,"ICTPUN",0.0123565754633716
152,"Isleta",2010,"ICTPUN",0.0584975369458128
161,"Isleta",2010,"ICTPUN",0.0301493764560778
59,"San Acacia",2011,"ICTPUN",0.0403632694248234
60,"San Acacia",2011,"ICTPUN",0.0364403528960491
69,"San Acacia",2011,"ICTPUN",0
79,"San Acacia",2011,"ICTPUN",0
87,"San Acacia",2011,"ICTPUN",0
92,"San Acacia",2011,"ICTPUN",0
100,"San Acacia",2011,"ICTPUN",0.00177635669242384
115,"San Acacia",2011,"ICTPUN",0.00197921820880752
116,"San Acacia",2011,"ICTPUN",0
117,"Isleta",2011,"ICTPUN",0
127,"Isleta",2011,"ICTPUN",0
131,"Isleta",2011,"ICTPUN",0.00201227487674816
143,"Isleta",2011,"ICTPUN",0
152,"Isleta",2011,"ICTPUN",0.038860103626943
59,"San Acacia",2012,"ICTPUN",0.00202367702114743
60,"San Acacia",2012,"ICTPUN",0.00402941472751083
69,"San Acacia",2012,"ICTPUN",0
115,"San Acacia",2012,"ICTPUN",0.00390205833577212
116,"San Acacia",2012,"ICTPUN",0.00220921241577378
117,"Isleta",2012,"ICTPUN",0.00364630811303555
127,"Isleta",2012,"ICTPUN",0
131,"Isleta",2012,"ICTPUN",0
143,"Isleta",2012,"ICTPUN",0
152,"Isleta",2012,"ICTPUN",0.065841040915504
59,"San Acacia",2013,"ICTPUN",0.00388311814386953
60,"San Acacia",2013,"ICTPUN",0
69,"San Acacia",2013,"ICTPUN",0
79,"San Acacia",2013,"ICTPUN",0
87,"San Acacia",2013,"ICTPUN",0.0019629011679262
92,"San Acacia",2013,"ICTPUN",0.00183789744532255
100,"San Acacia",2013,"ICTPUN",0.00361598264328331
115,"San Acacia",2013,"ICTPUN",0.036003600360036
116,"San Acacia",2013,"ICTPUN",0
117,"Isleta",2013,"ICTPUN",0
127,"Isleta",2013,"ICTPUN",0.00180358914239336
131,"Isleta",2013,"ICTPUN",0.00192789666473877
143,"Isleta",2013,"ICTPUN",0.00795070562512423
152,"Isleta",2013,"ICTPUN",0.00395843641761504
161,"Isleta",2013,"ICTPUN",0.0058829296989901
59,"San Acacia",2014,"ICTPUN",0.00548998078506725
60,"San Acacia",2014,"ICTPUN",0
69,"San Acacia",2014,"ICTPUN",0
79,"San Acacia",2014,"ICTPUN",0
87,"San Acacia",2014,"ICTPUN",0.00403999596000404
92,"San Acacia",2014,"ICTPUN",0.00209687565527364
100,"San Acacia",2014,"ICTPUN",0.00511552562025748
115,"San Acacia",2014,"ICTPUN",0.0128205128205128
116,"San Acacia",2014,"ICTPUN",0.0682660425199922
117,"Isleta",2014,"ICTPUN",0.00167420056922819
127,"Isleta",2014,"ICTPUN",0.0293915940041148
131,"Isleta",2014,"ICTPUN",0.0576827449030333
143,"Isleta",2014,"ICTPUN",0.00192826841496336
152,"Isleta",2014,"ICTPUN",0.0183131549496388
161,"Isleta",2014,"ICTPUN",0.023072486060373
59,"San Acacia",2015,"ICTPUN",0.0249799268445
60,"San Acacia",2015,"ICTPUN",0.0017563888644946
69,"San Acacia",2015,"ICTPUN",0.0104329681794471
79,"San Acacia",2015,"ICTPUN",0.00591191250369495
92,"San Acacia",2015,"ICTPUN",0
100,"San Acacia",2015,"ICTPUN",0.0244498777506112
115,"San Acacia",2015,"ICTPUN",0.022189349112426
116,"San Acacia",2015,"ICTPUN",0.0258346581875994
117,"Isleta",2015,"ICTPUN",0.0291226792864944
127,"Isleta",2015,"ICTPUN",0.00202163145658546
131,"Isleta",2015,"ICTPUN",0.00605510142294883
143,"Isleta",2015,"ICTPUN",0.00195694716242661
152,"Isleta",2015,"ICTPUN",0.0214753570278106
161,"Isleta",2015,"ICTPUN",0.00935979034069637
59,"San Acacia",2016,"ICTPUN",0.0259211257174597
60,"San Acacia",2016,"ICTPUN",0
69,"San Acacia",2016,"ICTPUN",0.00194401244167963
79,"San Acacia",2016,"ICTPUN",0
87,"San Acacia",2016,"ICTPUN",0.00228154232261008
92,"San Acacia",2016,"ICTPUN",0.0449761626338041
100,"San Acacia",2016,"ICTPUN",0.0697742029266402
115,"San Acacia",2016,"ICTPUN",0.0131319763624425
116,"San Acacia",2016,"ICTPUN",0.0102165917449939
117,"Isleta",2016,"ICTPUN",0.0147316085075039
127,"Isleta",2016,"ICTPUN",0
131,"Isleta",2016,"ICTPUN",0
143,"Isleta",2016,"ICTPUN",0
152,"Isleta",2016,"ICTPUN",0.00981836033382425
161,"Isleta",2016,"ICTPUN",0.038279256288735
59,"San Acacia",2017,"ICTPUN",0.0476683937823834
60,"San Acacia",2017,"ICTPUN",0.0106746370623399
69,"San Acacia",2017,"ICTPUN",0.00817076907363906
79,"San Acacia",2017,"ICTPUN",0
87,"San Acacia",2017,"ICTPUN",0.00523605899293132
92,"San Acacia",2017,"ICTPUN",0.00605449041372351
100,"San Acacia",2017,"ICTPUN",0.0376759865159627
115,"San Acacia",2017,"ICTPUN",0.00209511837418814
116,"San Acacia",2017,"ICTPUN",0.00375269725114926
117,"Isleta",2017,"ICTPUN",0.00356347438752784
127,"Isleta",2017,"ICTPUN",0.19375
131,"Isleta",2017,"ICTPUN",0.111982082866741
143,"Isleta",2017,"ICTPUN",0.196833547282841
152,"Isleta",2017,"ICTPUN",0.284588020382656
161,"Isleta",2017,"ICTPUN",0.133132155853377
107,"San Acacia",2017,"ICTPUN",0
120,"Isleta",2017,"ICTPUN",0.00558139534883721
137,"Isleta",2017,"ICTPUN",0.116212611926081
156,"Isleta",2017,"ICTPUN",0.147121717560517
165,"Isleta",2017,"ICTPUN",0.0375481085140336
59,"San Acacia",2018,"ICTPUN",0.00191442519383555
60,"San Acacia",2018,"ICTPUN",0
69,"San Acacia",2018,"ICTPUN",0.0039733783649548
87,"San Acacia",2018,"ICTPUN",0
92,"San Acacia",2018,"ICTPUN",0.00168634064080944
100,"San Acacia",2018,"ICTPUN",0.012676566461427
115,"San Acacia",2018,"ICTPUN",0.00380952380952381
116,"San Acacia",2018,"ICTPUN",0.0121383775035404
117,"Isleta",2018,"ICTPUN",0
127,"Isleta",2018,"ICTPUN",0
131,"Isleta",2018,"ICTPUN",0
143,"Isleta",2018,"ICTPUN",0.00372543541026357
152,"Isleta",2018,"ICTPUN",0.00415713988775722
161,"Isleta",2018,"ICTPUN",0.0420536183634133
107,"San Acacia",2018,"ICTPUN",0.00191993856196602
120,"Isleta",2018,"ICTPUN",0.0126800108685807
137,"Isleta",2018,"ICTPUN",0.00571482998380798
156,"Isleta",2018,"ICTPUN",0.128068303094984
165,"Isleta",2018,"ICTPUN",0.0428801143469716
89,"San Acacia",2018,"ICTPUN",0.00188821752265861
58,"San Acacia",2019,"ICTPUN",0.0562942832184801
60,"San Acacia",2019,"ICTPUN",0.0126857557085901
68,"San Acacia",2019,"ICTPUN",0.0180198218039844
79,"San Acacia",2019,"ICTPUN",0
88,"San Acacia",2019,"ICTPUN",0.0233940929915196
92,"San Acacia",2019,"ICTPUN",0.00966090232827746
100,"San Acacia",2019,"ICTPUN",0.0469442754064157
114,"San Acacia",2019,"ICTPUN",0.0316424404232176
116,"San Acacia",2019,"ICTPUN",0.0374216484236131
117,"Isleta",2019,"ICTPUN",0.0526469727990641
127,"Isleta",2019,"ICTPUN",0.0101533150573662
131,"Isleta",2019,"ICTPUN",0.0101327388793191
143,"Isleta",2019,"ICTPUN",0.00390015600624025
151,"Isleta",2019,"ICTPUN",0.0120036010803241
162,"Isleta",2019,"ICTPUN",0.0114821548177208
106,"San Acacia",2019,"ICTPUN",0.00542005420054201
120,"Isleta",2019,"ICTPUN",0.133738601823708
137,"Isleta",2019,"ICTPUN",0.060575466935891
156,"Isleta",2019,"ICTPUN",0.0204214239301959
165,"Isleta",2019,"ICTPUN",0.0445089501693275
58,"San Acacia",2020,"ICTPUN",0
60,"San Acacia",2020,"ICTPUN",0
68,"San Acacia",2020,"ICTPUN",0.0629213483146067
79,"San Acacia",2020,"ICTPUN",0
100,"San Acacia",2020,"ICTPUN",0
114,"San Acacia",2020,"ICTPUN",0.00195198126097989
116,"San Acacia",2020,"ICTPUN",0.00204394481349004
117,"Isleta",2020,"ICTPUN",0.00744255279560889
127,"Isleta",2020,"ICTPUN",0
131,"Isleta",2020,"ICTPUN",0
143,"Isleta",2020,"ICTPUN",0
151,"Isleta",2020,"ICTPUN",0.0106518960374947
162,"Isleta",2020,"ICTPUN",0.00191186311060128
106,"San Acacia",2020,"ICTPUN",0
120,"Isleta",2020,"ICTPUN",0.0104515050167224
137,"Isleta",2020,"ICTPUN",0
165,"Isleta",2020,"ICTPUN",0.0265352539802881
63,"San Acacia",2020,"ICTPUN",0.0027766208524226
96,"San Acacia",2020,"ICTPUN",0
150,"Isleta",2020,"ICTPUN",0.00185305290466043
58,"San Acacia",2021,"ICTPUN",0
60,"San Acacia",2021,"ICTPUN",0
68,"San Acacia",2021,"ICTPUN",0
79,"San Acacia",2021,"ICTPUN",0
88,"San Acacia",2021,"ICTPUN",0
92,"San Acacia",2021,"ICTPUN",0
100,"San Acacia",2021,"ICTPUN",0
114,"San Acacia",2021,"ICTPUN",0
116,"San Acacia",2021,"ICTPUN",0
117,"Isleta",2021,"ICTPUN",0
127,"Isleta",2021,"ICTPUN",0.00397377309755613
131,"Isleta",2021,"ICTPUN",0.0120955548835803
143,"Isleta",2021,"ICTPUN",0.00962463907603465
151,"Isleta",2021,"ICTPUN",0.0104090767148954
162,"Isleta",2021,"ICTPUN",0.0508358588327305
106,"San Acacia",2021,"ICTPUN",0
120,"Isleta",2021,"ICTPUN",0
137,"Isleta",2021,"ICTPUN",0.00369583294835073
156,"Isleta",2021,"ICTPUN",0.00428724544480171
165,"Isleta",2021,"ICTPUN",0.0211864406779661
59,"San Acacia",2010,"CYPCAR",0
60,"San Acacia",2010,"CYPCAR",0.00167280026764804
69,"San Acacia",2010,"CYPCAR",0
79,"San Acacia",2010,"CYPCAR",0
87,"San Acacia",2010,"CYPCAR",0
92,"San Acacia",2010,"CYPCAR",0
100,"San Acacia",2010,"CYPCAR",0.00194969779684149
115,"San Acacia",2010,"CYPCAR",0
116,"San Acacia",2010,"CYPCAR",0
117,"Isleta",2010,"CYPCAR",0
127,"Isleta",2010,"CYPCAR",0
131,"Isleta",2010,"CYPCAR",0.00331729971802952
143,"Isleta",2010,"CYPCAR",0
152,"Isleta",2010,"CYPCAR",0.00153940886699507
161,"Isleta",2010,"CYPCAR",0
59,"San Acacia",2011,"CYPCAR",0
60,"San Acacia",2011,"CYPCAR",0
69,"San Acacia",2011,"CYPCAR",0.00927385699712511
79,"San Acacia",2011,"CYPCAR",0
87,"San Acacia",2011,"CYPCAR",0
92,"San Acacia",2011,"CYPCAR",0
100,"San Acacia",2011,"CYPCAR",0
115,"San Acacia",2011,"CYPCAR",0
116,"San Acacia",2011,"CYPCAR",0
117,"Isleta",2011,"CYPCAR",0
127,"Isleta",2011,"CYPCAR",0.00198235702249975
131,"Isleta",2011,"CYPCAR",0.00603682463024449
143,"Isleta",2011,"CYPCAR",0.00422609614368727
152,"Isleta",2011,"CYPCAR",0.00431778929188256
59,"San Acacia",2012,"CYPCAR",0
60,"San Acacia",2012,"CYPCAR",0
69,"San Acacia",2012,"CYPCAR",0
115,"San Acacia",2012,"CYPCAR",0.00195102916788606
116,"San Acacia",2012,"CYPCAR",0.00220921241577378
117,"Isleta",2012,"CYPCAR",0
127,"Isleta",2012,"CYPCAR",0
131,"Isleta",2012,"CYPCAR",0
143,"Isleta",2012,"CYPCAR",0
152,"Isleta",2012,"CYPCAR",0.25709358833673
59,"San Acacia",2013,"CYPCAR",0.00194155907193476
60,"San Acacia",2013,"CYPCAR",0
69,"San Acacia",2013,"CYPCAR",0.00219394471259324
79,"San Acacia",2013,"CYPCAR",0
87,"San Acacia",2013,"CYPCAR",0
92,"San Acacia",2013,"CYPCAR",0
100,"San Acacia",2013,"CYPCAR",0
115,"San Acacia",2013,"CYPCAR",0
116,"San Acacia",2013,"CYPCAR",0
117,"Isleta",2013,"CYPCAR",0
127,"Isleta",2013,"CYPCAR",0
131,"Isleta",2013,"CYPCAR",0
143,"Isleta",2013,"CYPCAR",0.00198767640628106
152,"Isleta",2013,"CYPCAR",0
161,"Isleta",2013,"CYPCAR",0
59,"San Acacia",2014,"CYPCAR",0
60,"San Acacia",2014,"CYPCAR",0
69,"San Acacia",2014,"CYPCAR",0.00206782464846981
79,"San Acacia",2014,"CYPCAR",0
87,"San Acacia",2014,"CYPCAR",0
92,"San Acacia",2014,"CYPCAR",0.00209687565527364
100,"San Acacia",2014,"CYPCAR",0
115,"San Acacia",2014,"CYPCAR",0
116,"San Acacia",2014,"CYPCAR",0
117,"Isleta",2014,"CYPCAR",0
127,"Isleta",2014,"CYPCAR",0.00391887920054864
131,"Isleta",2014,"CYPCAR",0
143,"Isleta",2014,"CYPCAR",0.00192826841496336
152,"Isleta",2014,"CYPCAR",0.00610438498321294
161,"Isleta",2014,"CYPCAR",0
59,"San Acacia",2015,"CYPCAR",0
60,"San Acacia",2015,"CYPCAR",0
69,"San Acacia",2015,"CYPCAR",0
79,"San Acacia",2015,"CYPCAR",0
92,"San Acacia",2015,"CYPCAR",0
100,"San Acacia",2015,"CYPCAR",0
115,"San Acacia",2015,"CYPCAR",0
116,"San Acacia",2015,"CYPCAR",0
117,"Isleta",2015,"CYPCAR",0.0018201674554059
127,"Isleta",2015,"CYPCAR",0.00202163145658546
131,"Isleta",2015,"CYPCAR",0.00201836714098295
143,"Isleta",2015,"CYPCAR",0.00195694716242661
152,"Isleta",2015,"CYPCAR",0.00214753570278106
161,"Isleta",2015,"CYPCAR",0
59,"San Acacia",2016,"CYPCAR",0.00185150897981855
60,"San Acacia",2016,"CYPCAR",0.0018723085564501
69,"San Acacia",2016,"CYPCAR",0.00388802488335925
79,"San Acacia",2016,"CYPCAR",0
87,"San Acacia",2016,"CYPCAR",0.00684462696783025
92,"San Acacia",2016,"CYPCAR",0.010794279032113
100,"San Acacia",2016,"CYPCAR",0
115,"San Acacia",2016,"CYPCAR",0.00562798986961823
116,"San Acacia",2016,"CYPCAR",0.0081732733959951
117,"Isleta",2016,"CYPCAR",0
127,"Isleta",2016,"CYPCAR",0
131,"Isleta",2016,"CYPCAR",0
143,"Isleta",2016,"CYPCAR",0
152,"Isleta",2016,"CYPCAR",0.00981836033382425
161,"Isleta",2016,"CYPCAR",0.00364564345607
59,"San Acacia",2017,"CYPCAR",0.033160621761658
60,"San Acacia",2017,"CYPCAR",0
69,"San Acacia",2017,"CYPCAR",0.0102134613420488
79,"San Acacia",2017,"CYPCAR",0
87,"San Acacia",2017,"CYPCAR",0
92,"San Acacia",2017,"CYPCAR",0.00201816347124117
100,"San Acacia",2017,"CYPCAR",0.00198294665873488
115,"San Acacia",2017,"CYPCAR",0.00628535512256443
116,"San Acacia",2017,"CYPCAR",0
117,"Isleta",2017,"CYPCAR",0
127,"Isleta",2017,"CYPCAR",0
131,"Isleta",2017,"CYPCAR",0.00186636804777902
143,"Isleta",2017,"CYPCAR",0.0188275566966196
152,"Isleta",2017,"CYPCAR",0.0153831362369003
161,"Isleta",2017,"CYPCAR",0.0159758587024053
107,"San Acacia",2017,"CYPCAR",0.00641231163834562
120,"Isleta",2017,"CYPCAR",0
137,"Isleta",2017,"CYPCAR",0.0476281196418365
156,"Isleta",2017,"CYPCAR",0.0273714823368403
165,"Isleta",2017,"CYPCAR",0
59,"San Acacia",2018,"CYPCAR",0
60,"San Acacia",2018,"CYPCAR",0
69,"San Acacia",2018,"CYPCAR",0.0019866891824774
87,"San Acacia",2018,"CYPCAR",0
92,"San Acacia",2018,"CYPCAR",0.00674536256323777
100,"San Acacia",2018,"CYPCAR",0.00362187613183629
115,"San Acacia",2018,"CYPCAR",0
116,"San Acacia",2018,"CYPCAR",0.00809225166902691
117,"Isleta",2018,"CYPCAR",0
127,"Isleta",2018,"CYPCAR",0
131,"Isleta",2018,"CYPCAR",0.0118238250073899
143,"Isleta",2018,"CYPCAR",0.0242153301667132
152,"Isleta",2018,"CYPCAR",0
161,"Isleta",2018,"CYPCAR",0.00350446819695111
107,"San Acacia",2018,"CYPCAR",0.00575981568589805
120,"Isleta",2018,"CYPCAR",0.00181143012408296
137,"Isleta",2018,"CYPCAR",0.0266692065911039
156,"Isleta",2018,"CYPCAR",0.00970214417386242
165,"Isleta",2018,"CYPCAR",0
89,"San Acacia",2018,"CYPCAR",0
58,"San Acacia",2019,"CYPCAR",0.0621178297583228
60,"San Acacia",2019,"CYPCAR",0.0235592606016673
68,"San Acacia",2019,"CYPCAR",0.0140154169586545
79,"San Acacia",2019,"CYPCAR",0.180257510729614
88,"San Acacia",2019,"CYPCAR",0
92,"San Acacia",2019,"CYPCAR",0.00386436093131098
100,"San Acacia",2019,"CYPCAR",0
114,"San Acacia",2019,"CYPCAR",0
116,"San Acacia",2019,"CYPCAR",0
117,"Isleta",2019,"CYPCAR",0
127,"Isleta",2019,"CYPCAR",0
131,"Isleta",2019,"CYPCAR",0.00202654777586382
143,"Isleta",2019,"CYPCAR",0.00195007800312012
151,"Isleta",2019,"CYPCAR",0
162,"Isleta",2019,"CYPCAR",0.0057410774088604
106,"San Acacia",2019,"CYPCAR",0
120,"Isleta",2019,"CYPCAR",0.00405268490374873
137,"Isleta",2019,"CYPCAR",0
156,"Isleta",2019,"CYPCAR",0.00371298616912652
165,"Isleta",2019,"CYPCAR",0.0174165457184325
58,"San Acacia",2020,"CYPCAR",0
60,"San Acacia",2020,"CYPCAR",0
68,"San Acacia",2020,"CYPCAR",0.0719101123595506
79,"San Acacia",2020,"CYPCAR",0
100,"San Acacia",2020,"CYPCAR",0
114,"San Acacia",2020,"CYPCAR",0.00585594378293968
116,"San Acacia",2020,"CYPCAR",0.0163515585079203
117,"Isleta",2020,"CYPCAR",0.00186063819890222
127,"Isleta",2020,"CYPCAR",0
131,"Isleta",2020,"CYPCAR",0
143,"Isleta",2020,"CYPCAR",0
151,"Isleta",2020,"CYPCAR",0.0106518960374947
162,"Isleta",2020,"CYPCAR",0
106,"San Acacia",2020,"CYPCAR",0.00407456453091576
120,"Isleta",2020,"CYPCAR",0
137,"Isleta",2020,"CYPCAR",0.00215726458850178
165,"Isleta",2020,"CYPCAR",0.013267626990144
63,"San Acacia",2020,"CYPCAR",0.0027766208524226
96,"San Acacia",2020,"CYPCAR",0
150,"Isleta",2020,"CYPCAR",0
58,"San Acacia",2021,"CYPCAR",0.00427853246336507
60,"San Acacia",2021,"CYPCAR",0
68,"San Acacia",2021,"CYPCAR",0
79,"San Acacia",2021,"CYPCAR",0.00176444640494045
88,"San Acacia",2021,"CYPCAR",0
92,"San Acacia",2021,"CYPCAR",0
100,"San Acacia",2021,"CYPCAR",0
114,"San Acacia",2021,"CYPCAR",0
116,"San Acacia",2021,"CYPCAR",0.0020671834625323
117,"Isleta",2021,"CYPCAR",0.00173958423936679
127,"Isleta",2021,"CYPCAR",0
131,"Isleta",2021,"CYPCAR",0
143,"Isleta",2021,"CYPCAR",0
151,"Isleta",2021,"CYPCAR",0
162,"Isleta",2021,"CYPCAR",0
106,"San Acacia",2021,"CYPCAR",0.00380408939610081
120,"Isleta",2021,"CYPCAR",0
137,"Isleta",2021,"CYPCAR",0
156,"Isleta",2021,"CYPCAR",0
165,"Isleta",2021,"CYPCAR",0
59,"San Acacia",2010,"HYBAMA",0
60,"San Acacia",2010,"HYBAMA",0.0618936099029776
69,"San Acacia",2010,"HYBAMA",0.00275216733177377
79,"San Acacia",2010,"HYBAMA",0
87,"San Acacia",2010,"HYBAMA",0.00638009410638807
92,"San Acacia",2010,"HYBAMA",0.0430429493777487
100,"San Acacia",2010,"HYBAMA",0.0448430493273543
115,"San Acacia",2010,"HYBAMA",0
116,"San Acacia",2010,"HYBAMA",0.0184307530279094
117,"Isleta",2010,"HYBAMA",0.0091424392027793
127,"Isleta",2010,"HYBAMA",0.00566933597902346
131,"Isleta",2010,"HYBAMA",0
143,"Isleta",2010,"HYBAMA",0.0158870255957635
152,"Isleta",2010,"HYBAMA",0.00615763546798029
161,"Isleta",2010,"HYBAMA",0.0109634096203919
59,"San Acacia",2011,"HYBAMA",0.0282542885973764
60,"San Acacia",2011,"HYBAMA",0.0441120061373226
69,"San Acacia",2011,"HYBAMA",0.0964481127701011
79,"San Acacia",2011,"HYBAMA",0
87,"San Acacia",2011,"HYBAMA",0.00200863713970071
92,"San Acacia",2011,"HYBAMA",0
100,"San Acacia",2011,"HYBAMA",0
115,"San Acacia",2011,"HYBAMA",0
116,"San Acacia",2011,"HYBAMA",0
117,"Isleta",2011,"HYBAMA",0
127,"Isleta",2011,"HYBAMA",0
131,"Isleta",2011,"HYBAMA",0
143,"Isleta",2011,"HYBAMA",0.0147913365029054
152,"Isleta",2011,"HYBAMA",0.0323834196891192
59,"San Acacia",2012,"HYBAMA",0
60,"San Acacia",2012,"HYBAMA",0
69,"San Acacia",2012,"HYBAMA",0
115,"San Acacia",2012,"HYBAMA",0
116,"San Acacia",2012,"HYBAMA",0
117,"Isleta",2012,"HYBAMA",0
127,"Isleta",2012,"HYBAMA",0
131,"Isleta",2012,"HYBAMA",0
143,"Isleta",2012,"HYBAMA",0
152,"Isleta",2012,"HYBAMA",0
59,"San Acacia",2013,"HYBAMA",0
60,"San Acacia",2013,"HYBAMA",0
69,"San Acacia",2013,"HYBAMA",0
79,"San Acacia",2013,"HYBAMA",0.00192104504850639
87,"San Acacia",2013,"HYBAMA",0
92,"San Acacia",2013,"HYBAMA",0.00183789744532255
100,"San Acacia",2013,"HYBAMA",0
115,"San Acacia",2013,"HYBAMA",0
116,"San Acacia",2013,"HYBAMA",0.00208507089241034
117,"Isleta",2013,"HYBAMA",0
127,"Isleta",2013,"HYBAMA",0
131,"Isleta",2013,"HYBAMA",0
143,"Isleta",2013,"HYBAMA",0
152,"Isleta",2013,"HYBAMA",0
161,"Isleta",2013,"HYBAMA",0
59,"San Acacia",2014,"HYBAMA",0
60,"San Acacia",2014,"HYBAMA",0
69,"San Acacia",2014,"HYBAMA",0
79,"San Acacia",2014,"HYBAMA",0
87,"San Acacia",2014,"HYBAMA",0
92,"San Acacia",2014,"HYBAMA",0
100,"San Acacia",2014,"HYBAMA",0
115,"San Acacia",2014,"HYBAMA",0
116,"San Acacia",2014,"HYBAMA",0
117,"Isleta",2014,"HYBAMA",0
127,"Isleta",2014,"HYBAMA",0
131,"Isleta",2014,"HYBAMA",0
143,"Isleta",2014,"HYBAMA",0
152,"Isleta",2014,"HYBAMA",0
161,"Isleta",2014,"HYBAMA",0
59,"San Acacia",2015,"HYBAMA",0
60,"San Acacia",2015,"HYBAMA",0
69,"San Acacia",2015,"HYBAMA",0
79,"San Acacia",2015,"HYBAMA",0
92,"San Acacia",2015,"HYBAMA",0
100,"San Acacia",2015,"HYBAMA",0.00611246943765281
115,"San Acacia",2015,"HYBAMA",0
116,"San Acacia",2015,"HYBAMA",0
117,"Isleta",2015,"HYBAMA",0.00546050236621769
127,"Isleta",2015,"HYBAMA",0.00202163145658546
131,"Isleta",2015,"HYBAMA",0.00201836714098295
143,"Isleta",2015,"HYBAMA",0
152,"Isleta",2015,"HYBAMA",0
161,"Isleta",2015,"HYBAMA",0.00561587420441782
59,"San Acacia",2016,"HYBAMA",0.0037030179596371
60,"San Acacia",2016,"HYBAMA",0.00936154278225051
69,"San Acacia",2016,"HYBAMA",0.0272161741835148
79,"San Acacia",2016,"HYBAMA",0
87,"San Acacia",2016,"HYBAMA",0.114077116130504
92,"San Acacia",2016,"HYBAMA",0.176306557524512
100,"San Acacia",2016,"HYBAMA",0.164744645799012
115,"San Acacia",2016,"HYBAMA",0.0168839696088547
116,"San Acacia",2016,"HYBAMA",0.0939926440539436
117,"Isleta",2016,"HYBAMA",0.00184145106343799
127,"Isleta",2016,"HYBAMA",0.0543900543900544
131,"Isleta",2016,"HYBAMA",0.0214611463829026
143,"Isleta",2016,"HYBAMA",0.00174901617839965
152,"Isleta",2016,"HYBAMA",0.0294550810014728
161,"Isleta",2016,"HYBAMA",0.253372220196865
59,"San Acacia",2017,"HYBAMA",0.590673575129534
60,"San Acacia",2017,"HYBAMA",0.243381725021349
69,"San Acacia",2017,"HYBAMA",0.612807680522929
79,"San Acacia",2017,"HYBAMA",0.0740359897172237
87,"San Acacia",2017,"HYBAMA",0.0890130028798324
92,"San Acacia",2017,"HYBAMA",0.427850655903128
100,"San Acacia",2017,"HYBAMA",0.0753519730319254
115,"San Acacia",2017,"HYBAMA",0.280745862141211
116,"San Acacia",2017,"HYBAMA",0.0168871376301717
117,"Isleta",2017,"HYBAMA",0.463251670378619
127,"Isleta",2017,"HYBAMA",0.0479166666666667
131,"Isleta",2017,"HYBAMA",0.0559910414333707
143,"Isleta",2017,"HYBAMA",0.316645271715875
152,"Isleta",2017,"HYBAMA",0.117296413806365
161,"Isleta",2017,"HYBAMA",0.104730629271323
107,"San Acacia",2017,"HYBAMA",0.0384738698300737
120,"Isleta",2017,"HYBAMA",0.0595348837209302
137,"Isleta",2017,"HYBAMA",0.29719946656506
156,"Isleta",2017,"HYBAMA",0.0958001881789411
165,"Isleta",2017,"HYBAMA",0.138928001501924
59,"San Acacia",2018,"HYBAMA",0
60,"San Acacia",2018,"HYBAMA",0
69,"San Acacia",2018,"HYBAMA",0
87,"San Acacia",2018,"HYBAMA",0
92,"San Acacia",2018,"HYBAMA",0
100,"San Acacia",2018,"HYBAMA",0.012676566461427
115,"San Acacia",2018,"HYBAMA",0
116,"San Acacia",2018,"HYBAMA",0.00202306291725673
117,"Isleta",2018,"HYBAMA",0
127,"Isleta",2018,"HYBAMA",0
131,"Isleta",2018,"HYBAMA",0
143,"Isleta",2018,"HYBAMA",0
152,"Isleta",2018,"HYBAMA",0
161,"Isleta",2018,"HYBAMA",0
107,"San Acacia",2018,"HYBAMA",0
120,"Isleta",2018,"HYBAMA",0
137,"Isleta",2018,"HYBAMA",0
156,"Isleta",2018,"HYBAMA",0.00388085766954497
165,"Isleta",2018,"HYBAMA",0.00178667143112382
89,"San Acacia",2018,"HYBAMA",0
58,"San Acacia",2019,"HYBAMA",0.00194118217994759
60,"San Acacia",2019,"HYBAMA",0.0163102573396158
68,"San Acacia",2019,"HYBAMA",0.0120132145359896
79,"San Acacia",2019,"HYBAMA",0.15450643776824
88,"San Acacia",2019,"HYBAMA",0.00779803099717321
92,"San Acacia",2019,"HYBAMA",0.0579654139696648
100,"San Acacia",2019,"HYBAMA",0.00695470746761714
114,"San Acacia",2019,"HYBAMA",0.00791061010580441
116,"San Acacia",2019,"HYBAMA",0.0261951538965291
117,"Isleta",2019,"HYBAMA",0.00584966364434045
127,"Isleta",2019,"HYBAMA",0.0527972382983044
131,"Isleta",2019,"HYBAMA",0.0182389299827743
143,"Isleta",2019,"HYBAMA",0
151,"Isleta",2019,"HYBAMA",0.00600180054016205
162,"Isleta",2019,"HYBAMA",0.028705387044302
106,"San Acacia",2019,"HYBAMA",0.0505871725383921
120,"Isleta",2019,"HYBAMA",0.0445795339412361
137,"Isleta",2019,"HYBAMA",0.0201918223119637
156,"Isleta",2019,"HYBAMA",0.0835421888053467
165,"Isleta",2019,"HYBAMA",0.0522496371552975
58,"San Acacia",2020,"HYBAMA",0
60,"San Acacia",2020,"HYBAMA",0
68,"San Acacia",2020,"HYBAMA",0.0359550561797753
79,"San Acacia",2020,"HYBAMA",0
100,"San Acacia",2020,"HYBAMA",0
114,"San Acacia",2020,"HYBAMA",0
116,"San Acacia",2020,"HYBAMA",0.00204394481349004
117,"Isleta",2020,"HYBAMA",0.0111638291934133
127,"Isleta",2020,"HYBAMA",0
131,"Isleta",2020,"HYBAMA",0
143,"Isleta",2020,"HYBAMA",0
151,"Isleta",2020,"HYBAMA",0.0255645504899872
162,"Isleta",2020,"HYBAMA",0
106,"San Acacia",2020,"HYBAMA",0.00407456453091576
120,"Isleta",2020,"HYBAMA",0.00627090301003344
137,"Isleta",2020,"HYBAMA",0
165,"Isleta",2020,"HYBAMA",0.032221379833207
63,"San Acacia",2020,"HYBAMA",0
96,"San Acacia",2020,"HYBAMA",0.00404653515427415
150,"Isleta",2020,"HYBAMA",0.00185305290466043
58,"San Acacia",2021,"HYBAMA",0.00427853246336507
60,"San Acacia",2021,"HYBAMA",0.00217627856365615
68,"San Acacia",2021,"HYBAMA",0.0181250629342463
79,"San Acacia",2021,"HYBAMA",0.00882223202470225
88,"San Acacia",2021,"HYBAMA",0.0086216187089126
92,"San Acacia",2021,"HYBAMA",0
100,"San Acacia",2021,"HYBAMA",0.00179937022042285
114,"San Acacia",2021,"HYBAMA",0.00633579725448786
116,"San Acacia",2021,"HYBAMA",0
117,"Isleta",2021,"HYBAMA",0
127,"Isleta",2021,"HYBAMA",0
131,"Isleta",2021,"HYBAMA",0
143,"Isleta",2021,"HYBAMA",0
151,"Isleta",2021,"HYBAMA",0
162,"Isleta",2021,"HYBAMA",0.0019552253397204
106,"San Acacia",2021,"HYBAMA",0
120,"Isleta",2021,"HYBAMA",0
137,"Isleta",2021,"HYBAMA",0.0055437494225261
156,"Isleta",2021,"HYBAMA",0
165,"Isleta",2021,"HYBAMA",0.00192604006163328
59,"San Acacia",2010,"PIMPRO",0
60,"San Acacia",2010,"PIMPRO",0.00167280026764804
69,"San Acacia",2010,"PIMPRO",0.00137608366588689
79,"San Acacia",2010,"PIMPRO",0
87,"San Acacia",2010,"PIMPRO",0
92,"San Acacia",2010,"PIMPRO",0
100,"San Acacia",2010,"PIMPRO",0.00194969779684149
115,"San Acacia",2010,"PIMPRO",0
116,"San Acacia",2010,"PIMPRO",0
117,"Isleta",2010,"PIMPRO",0
127,"Isleta",2010,"PIMPRO",0.0496066898164553
131,"Isleta",2010,"PIMPRO",0
143,"Isleta",2010,"PIMPRO",0.0141218005295675
152,"Isleta",2010,"PIMPRO",0.00769704433497537
161,"Isleta",2010,"PIMPRO",0
59,"San Acacia",2011,"PIMPRO",0
60,"San Acacia",2011,"PIMPRO",0.00191791331031837
69,"San Acacia",2011,"PIMPRO",0
79,"San Acacia",2011,"PIMPRO",0
87,"San Acacia",2011,"PIMPRO",0
92,"San Acacia",2011,"PIMPRO",0
100,"San Acacia",2011,"PIMPRO",0
115,"San Acacia",2011,"PIMPRO",0.00197921820880752
116,"San Acacia",2011,"PIMPRO",0
117,"Isleta",2011,"PIMPRO",0
127,"Isleta",2011,"PIMPRO",0.00594707106749926
131,"Isleta",2011,"PIMPRO",0.012073649260489
143,"Isleta",2011,"PIMPRO",0.00422609614368727
152,"Isleta",2011,"PIMPRO",0.0259067357512953
59,"San Acacia",2012,"PIMPRO",0
60,"San Acacia",2012,"PIMPRO",0
69,"San Acacia",2012,"PIMPRO",0
115,"San Acacia",2012,"PIMPRO",0.00195102916788606
116,"San Acacia",2012,"PIMPRO",0.00220921241577378
117,"Isleta",2012,"PIMPRO",0
127,"Isleta",2012,"PIMPRO",0.00650336006936917
131,"Isleta",2012,"PIMPRO",0.0330788804071247
143,"Isleta",2012,"PIMPRO",0.0040453074433657
152,"Isleta",2012,"PIMPRO",0.241417150023515
59,"San Acacia",2013,"PIMPRO",0
60,"San Acacia",2013,"PIMPRO",0
69,"San Acacia",2013,"PIMPRO",0
79,"San Acacia",2013,"PIMPRO",0.00384209009701278
87,"San Acacia",2013,"PIMPRO",0
92,"San Acacia",2013,"PIMPRO",0
100,"San Acacia",2013,"PIMPRO",0
115,"San Acacia",2013,"PIMPRO",0.002000200020002
116,"San Acacia",2013,"PIMPRO",0.00625521267723103
117,"Isleta",2013,"PIMPRO",0
127,"Isleta",2013,"PIMPRO",0.0288574262782938
131,"Isleta",2013,"PIMPRO",0.0154231733179102
143,"Isleta",2013,"PIMPRO",0.180878552971576
152,"Isleta",2013,"PIMPRO",0.108857001484414
161,"Isleta",2013,"PIMPRO",0.0313756250612805
59,"San Acacia",2014,"PIMPRO",0
60,"San Acacia",2014,"PIMPRO",0
69,"San Acacia",2014,"PIMPRO",0
79,"San Acacia",2014,"PIMPRO",0
87,"San Acacia",2014,"PIMPRO",0
92,"San Acacia",2014,"PIMPRO",0.00209687565527364
100,"San Acacia",2014,"PIMPRO",0
115,"San Acacia",2014,"PIMPRO",0.00915750915750916
116,"San Acacia",2014,"PIMPRO",0.0390091671542813
117,"Isleta",2014,"PIMPRO",0
127,"Isleta",2014,"PIMPRO",0.00195943960027432
131,"Isleta",2014,"PIMPRO",0.00198906016907011
143,"Isleta",2014,"PIMPRO",0
152,"Isleta",2014,"PIMPRO",0.0122087699664259
161,"Isleta",2014,"PIMPRO",0
59,"San Acacia",2015,"PIMPRO",0
60,"San Acacia",2015,"PIMPRO",0
69,"San Acacia",2015,"PIMPRO",0
79,"San Acacia",2015,"PIMPRO",0
92,"San Acacia",2015,"PIMPRO",0
100,"San Acacia",2015,"PIMPRO",0
115,"San Acacia",2015,"PIMPRO",0
116,"San Acacia",2015,"PIMPRO",0
117,"Isleta",2015,"PIMPRO",0
127,"Isleta",2015,"PIMPRO",0.00202163145658546
131,"Isleta",2015,"PIMPRO",0
143,"Isleta",2015,"PIMPRO",0
152,"Isleta",2015,"PIMPRO",0
161,"Isleta",2015,"PIMPRO",0.00187195806813927
59,"San Acacia",2016,"PIMPRO",0
60,"San Acacia",2016,"PIMPRO",0
69,"San Acacia",2016,"PIMPRO",0.00194401244167963
79,"San Acacia",2016,"PIMPRO",0
87,"San Acacia",2016,"PIMPRO",0
92,"San Acacia",2016,"PIMPRO",0
100,"San Acacia",2016,"PIMPRO",0
115,"San Acacia",2016,"PIMPRO",0
116,"San Acacia",2016,"PIMPRO",0.0122599100939926
117,"Isleta",2016,"PIMPRO",0
127,"Isleta",2016,"PIMPRO",0
131,"Isleta",2016,"PIMPRO",0
143,"Isleta",2016,"PIMPRO",0
152,"Isleta",2016,"PIMPRO",0.00196367206676485
161,"Isleta",2016,"PIMPRO",0.00546846518410499
59,"San Acacia",2017,"PIMPRO",0
60,"San Acacia",2017,"PIMPRO",0
69,"San Acacia",2017,"PIMPRO",0
79,"San Acacia",2017,"PIMPRO",0
87,"San Acacia",2017,"PIMPRO",0
92,"San Acacia",2017,"PIMPRO",0
100,"San Acacia",2017,"PIMPRO",0
115,"San Acacia",2017,"PIMPRO",0
116,"San Acacia",2017,"PIMPRO",0
117,"Isleta",2017,"PIMPRO",0
127,"Isleta",2017,"PIMPRO",0
131,"Isleta",2017,"PIMPRO",0
143,"Isleta",2017,"PIMPRO",0.00171159606332905
152,"Isleta",2017,"PIMPRO",0.00576867608883761
161,"Isleta",2017,"PIMPRO",0.00532528623413508
107,"San Acacia",2017,"PIMPRO",0
120,"Isleta",2017,"PIMPRO",0
137,"Isleta",2017,"PIMPRO",0
156,"Isleta",2017,"PIMPRO",0
165,"Isleta",2017,"PIMPRO",0.0150192434056134
59,"San Acacia",2018,"PIMPRO",0
60,"San Acacia",2018,"PIMPRO",0
69,"San Acacia",2018,"PIMPRO",0
87,"San Acacia",2018,"PIMPRO",0
92,"San Acacia",2018,"PIMPRO",0
100,"San Acacia",2018,"PIMPRO",0.00724375226367258
115,"San Acacia",2018,"PIMPRO",0.00380952380952381
116,"San Acacia",2018,"PIMPRO",0.0182075662553105
117,"Isleta",2018,"PIMPRO",0
127,"Isleta",2018,"PIMPRO",0.00389029371717565
131,"Isleta",2018,"PIMPRO",0.0039412750024633
143,"Isleta",2018,"PIMPRO",0.00372543541026357
152,"Isleta",2018,"PIMPRO",0.0332571191020578
161,"Isleta",2018,"PIMPRO",0.00525670229542667
107,"San Acacia",2018,"PIMPRO",0
120,"Isleta",2018,"PIMPRO",0.00181143012408296
137,"Isleta",2018,"PIMPRO",0
156,"Isleta",2018,"PIMPRO",0.0310468613563598
165,"Isleta",2018,"PIMPRO",0.0428801143469716
89,"San Acacia",2018,"PIMPRO",0
58,"San Acacia",2019,"PIMPRO",0
60,"San Acacia",2019,"PIMPRO",0
68,"San Acacia",2019,"PIMPRO",0
79,"San Acacia",2019,"PIMPRO",0
88,"San Acacia",2019,"PIMPRO",0
92,"San Acacia",2019,"PIMPRO",0
100,"San Acacia",2019,"PIMPRO",0
114,"San Acacia",2019,"PIMPRO",0.0019776525264511
116,"San Acacia",2019,"PIMPRO",0
117,"Isleta",2019,"PIMPRO",0
127,"Isleta",2019,"PIMPRO",0
131,"Isleta",2019,"PIMPRO",0.022292025534502
143,"Isleta",2019,"PIMPRO",0
151,"Isleta",2019,"PIMPRO",0
162,"Isleta",2019,"PIMPRO",0
106,"San Acacia",2019,"PIMPRO",0
120,"Isleta",2019,"PIMPRO",0
137,"Isleta",2019,"PIMPRO",0
156,"Isleta",2019,"PIMPRO",0.0222779170147591
165,"Isleta",2019,"PIMPRO",0.003870343492985
58,"San Acacia",2020,"PIMPRO",0.00230388204123949
60,"San Acacia",2020,"PIMPRO",0
68,"San Acacia",2020,"PIMPRO",0
79,"San Acacia",2020,"PIMPRO",0
100,"San Acacia",2020,"PIMPRO",0
114,"San Acacia",2020,"PIMPRO",0.00195198126097989
116,"San Acacia",2020,"PIMPRO",0.00613183444047011
117,"Isleta",2020,"PIMPRO",0
127,"Isleta",2020,"PIMPRO",0.00796099114339735
131,"Isleta",2020,"PIMPRO",0
143,"Isleta",2020,"PIMPRO",0
151,"Isleta",2020,"PIMPRO",0.372816361312314
162,"Isleta",2020,"PIMPRO",0.0344135359908231
106,"San Acacia",2020,"PIMPRO",0.00407456453091576
120,"Isleta",2020,"PIMPRO",0.00209030100334448
137,"Isleta",2020,"PIMPRO",0
165,"Isleta",2020,"PIMPRO",0.00379075056861259
63,"San Acacia",2020,"PIMPRO",0
96,"San Acacia",2020,"PIMPRO",0
150,"Isleta",2020,"PIMPRO",0.0945056981376818
58,"San Acacia",2021,"PIMPRO",0
60,"San Acacia",2021,"PIMPRO",0
68,"San Acacia",2021,"PIMPRO",0.00201389588158292
79,"San Acacia",2021,"PIMPRO",0
88,"San Acacia",2021,"PIMPRO",0
92,"San Acacia",2021,"PIMPRO",0
100,"San Acacia",2021,"PIMPRO",0
114,"San Acacia",2021,"PIMPRO",0
116,"San Acacia",2021,"PIMPRO",0
117,"Isleta",2021,"PIMPRO",0.00347916847873358
127,"Isleta",2021,"PIMPRO",0
131,"Isleta",2021,"PIMPRO",0.00604777744179014
143,"Isleta",2021,"PIMPRO",0.00384985563041386
151,"Isleta",2021,"PIMPRO",0.0145727074008535
162,"Isleta",2021,"PIMPRO",0.00391045067944081
106,"San Acacia",2021,"PIMPRO",0
120,"Isleta",2021,"PIMPRO",0
137,"Isleta",2021,"PIMPRO",0.00369583294835073
156,"Isleta",2021,"PIMPRO",0.00643086816720257
165,"Isleta",2021,"PIMPRO",0
59,"San Acacia",2010,"CARCAR",0
60,"San Acacia",2010,"CARCAR",0.00167280026764804
69,"San Acacia",2010,"CARCAR",0
79,"San Acacia",2010,"CARCAR",0
87,"San Acacia",2010,"CARCAR",0
92,"San Acacia",2010,"CARCAR",0
100,"San Acacia",2010,"CARCAR",0
115,"San Acacia",2010,"CARCAR",0
116,"San Acacia",2010,"CARCAR",0
117,"Isleta",2010,"CARCAR",0
127,"Isleta",2010,"CARCAR",0
131,"Isleta",2010,"CARCAR",0
143,"Isleta",2010,"CARCAR",0.00176522506619594
152,"Isleta",2010,"CARCAR",0.00769704433497537
161,"Isleta",2010,"CARCAR",0
59,"San Acacia",2011,"CARCAR",0
60,"San Acacia",2011,"CARCAR",0.00191791331031837
69,"San Acacia",2011,"CARCAR",0.00185477139942502
79,"San Acacia",2011,"CARCAR",0
87,"San Acacia",2011,"CARCAR",0
92,"San Acacia",2011,"CARCAR",0
100,"San Acacia",2011,"CARCAR",0
115,"San Acacia",2011,"CARCAR",0
116,"San Acacia",2011,"CARCAR",0
117,"Isleta",2011,"CARCAR",0
127,"Isleta",2011,"CARCAR",0.0039647140449995
131,"Isleta",2011,"CARCAR",0
143,"Isleta",2011,"CARCAR",0.0169043845747491
152,"Isleta",2011,"CARCAR",0.138169257340242
59,"San Acacia",2012,"CARCAR",0
60,"San Acacia",2012,"CARCAR",0
69,"San Acacia",2012,"CARCAR",0
115,"San Acacia",2012,"CARCAR",0
116,"San Acacia",2012,"CARCAR",0.00220921241577378
117,"Isleta",2012,"CARCAR",0
127,"Isleta",2012,"CARCAR",0
131,"Isleta",2012,"CARCAR",0
143,"Isleta",2012,"CARCAR",0
152,"Isleta",2012,"CARCAR",0.18498197209594
59,"San Acacia",2013,"CARCAR",0
60,"San Acacia",2013,"CARCAR",0
69,"San Acacia",2013,"CARCAR",0
79,"San Acacia",2013,"CARCAR",0.00192104504850639
87,"San Acacia",2013,"CARCAR",0
92,"San Acacia",2013,"CARCAR",0
100,"San Acacia",2013,"CARCAR",0.00180799132164166
115,"San Acacia",2013,"CARCAR",0
116,"San Acacia",2013,"CARCAR",0
117,"Isleta",2013,"CARCAR",0
127,"Isleta",2013,"CARCAR",0
131,"Isleta",2013,"CARCAR",0.00385579332947754
143,"Isleta",2013,"CARCAR",0.00596302921884317
152,"Isleta",2013,"CARCAR",0
161,"Isleta",2013,"CARCAR",0
59,"San Acacia",2014,"CARCAR",0
60,"San Acacia",2014,"CARCAR",0
69,"San Acacia",2014,"CARCAR",0
79,"San Acacia",2014,"CARCAR",0
87,"San Acacia",2014,"CARCAR",0
92,"San Acacia",2014,"CARCAR",0
100,"San Acacia",2014,"CARCAR",0
115,"San Acacia",2014,"CARCAR",0
116,"San Acacia",2014,"CARCAR",0
117,"Isleta",2014,"CARCAR",0
127,"Isleta",2014,"CARCAR",0
131,"Isleta",2014,"CARCAR",0
143,"Isleta",2014,"CARCAR",0.00771307365985345
152,"Isleta",2014,"CARCAR",0.00203479499440431
161,"Isleta",2014,"CARCAR",0.00192270717169775
59,"San Acacia",2015,"CARCAR",0.00178428048889285
60,"San Acacia",2015,"CARCAR",0
69,"San Acacia",2015,"CARCAR",0
79,"San Acacia",2015,"CARCAR",0
92,"San Acacia",2015,"CARCAR",0
100,"San Acacia",2015,"CARCAR",0
115,"San Acacia",2015,"CARCAR",0
116,"San Acacia",2015,"CARCAR",0.0019872813990461
117,"Isleta",2015,"CARCAR",0.0018201674554059
127,"Isleta",2015,"CARCAR",0.00202163145658546
131,"Isleta",2015,"CARCAR",0
143,"Isleta",2015,"CARCAR",0
152,"Isleta",2015,"CARCAR",0
161,"Isleta",2015,"CARCAR",0.00187195806813927
59,"San Acacia",2016,"CARCAR",0
60,"San Acacia",2016,"CARCAR",0
69,"San Acacia",2016,"CARCAR",0
79,"San Acacia",2016,"CARCAR",0
87,"San Acacia",2016,"CARCAR",0.00228154232261008
92,"San Acacia",2016,"CARCAR",0.00179904650535216
100,"San Acacia",2016,"CARCAR",0.00193817230351778
115,"San Acacia",2016,"CARCAR",0.00187599662320608
116,"San Acacia",2016,"CARCAR",0.00204331834899877
117,"Isleta",2016,"CARCAR",0
127,"Isleta",2016,"CARCAR",0
131,"Isleta",2016,"CARCAR",0
143,"Isleta",2016,"CARCAR",0
152,"Isleta",2016,"CARCAR",0.00196367206676485
161,"Isleta",2016,"CARCAR",0
59,"San Acacia",2017,"CARCAR",0.00414507772020725
60,"San Acacia",2017,"CARCAR",0.00213492741246798
69,"San Acacia",2017,"CARCAR",0.00408538453681953
79,"San Acacia",2017,"CARCAR",0
87,"San Acacia",2017,"CARCAR",0
92,"San Acacia",2017,"CARCAR",0
100,"San Acacia",2017,"CARCAR",0.00198294665873488
115,"San Acacia",2017,"CARCAR",0
116,"San Acacia",2017,"CARCAR",0
117,"Isleta",2017,"CARCAR",0
127,"Isleta",2017,"CARCAR",0.00208333333333333
131,"Isleta",2017,"CARCAR",0
143,"Isleta",2017,"CARCAR",0
152,"Isleta",2017,"CARCAR",0.00576867608883761
161,"Isleta",2017,"CARCAR",0.00177509541137836
107,"San Acacia",2017,"CARCAR",0
120,"Isleta",2017,"CARCAR",0
137,"Isleta",2017,"CARCAR",0
156,"Isleta",2017,"CARCAR",0.00342143529210504
165,"Isleta",2017,"CARCAR",0.00563221627710504
59,"San Acacia",2018,"CARCAR",0
60,"San Acacia",2018,"CARCAR",0
69,"San Acacia",2018,"CARCAR",0
87,"San Acacia",2018,"CARCAR",0
92,"San Acacia",2018,"CARCAR",0
100,"San Acacia",2018,"CARCAR",0.00543281419775444
115,"San Acacia",2018,"CARCAR",0
116,"San Acacia",2018,"CARCAR",0.00606918875177018
117,"Isleta",2018,"CARCAR",0.0016675004168751
127,"Isleta",2018,"CARCAR",0
131,"Isleta",2018,"CARCAR",0.00788255000492659
143,"Isleta",2018,"CARCAR",0.352053646269908
152,"Isleta",2018,"CARCAR",0.00207856994387861
161,"Isleta",2018,"CARCAR",0.00175223409847556
107,"San Acacia",2018,"CARCAR",0.00383987712393203
120,"Isleta",2018,"CARCAR",0
137,"Isleta",2018,"CARCAR",0.0533384131822078
156,"Isleta",2018,"CARCAR",0.112544872416804
165,"Isleta",2018,"CARCAR",0
89,"San Acacia",2018,"CARCAR",0
58,"San Acacia",2019,"CARCAR",0
60,"San Acacia",2019,"CARCAR",0
68,"San Acacia",2019,"CARCAR",0
79,"San Acacia",2019,"CARCAR",0
88,"San Acacia",2019,"CARCAR",0
92,"San Acacia",2019,"CARCAR",0
100,"San Acacia",2019,"CARCAR",0
114,"San Acacia",2019,"CARCAR",0
116,"San Acacia",2019,"CARCAR",0
117,"Isleta",2019,"CARCAR",0
127,"Isleta",2019,"CARCAR",0
131,"Isleta",2019,"CARCAR",0
143,"Isleta",2019,"CARCAR",0.00390015600624025
151,"Isleta",2019,"CARCAR",0.00200060018005402
162,"Isleta",2019,"CARCAR",0
106,"San Acacia",2019,"CARCAR",0
120,"Isleta",2019,"CARCAR",0
137,"Isleta",2019,"CARCAR",0
156,"Isleta",2019,"CARCAR",0
165,"Isleta",2019,"CARCAR",0.0019351717464925
58,"San Acacia",2020,"CARCAR",0
60,"San Acacia",2020,"CARCAR",0
68,"San Acacia",2020,"CARCAR",0.00898876404494382
79,"San Acacia",2020,"CARCAR",0
100,"San Acacia",2020,"CARCAR",0.00405967725565818
114,"San Acacia",2020,"CARCAR",0.00195198126097989
116,"San Acacia",2020,"CARCAR",0.0102197240674502
117,"Isleta",2020,"CARCAR",0
127,"Isleta",2020,"CARCAR",0
131,"Isleta",2020,"CARCAR",0
143,"Isleta",2020,"CARCAR",0
151,"Isleta",2020,"CARCAR",0.0532594801874734
162,"Isleta",2020,"CARCAR",0.0191186311060128
106,"San Acacia",2020,"CARCAR",0.0122236935927473
120,"Isleta",2020,"CARCAR",0
137,"Isleta",2020,"CARCAR",0
165,"Isleta",2020,"CARCAR",0.0398028809704321
63,"San Acacia",2020,"CARCAR",0
96,"San Acacia",2020,"CARCAR",0
150,"Isleta",2020,"CARCAR",0.0352080051885481
58,"San Acacia",2021,"CARCAR",0
60,"San Acacia",2021,"CARCAR",0
68,"San Acacia",2021,"CARCAR",0
79,"San Acacia",2021,"CARCAR",0
88,"San Acacia",2021,"CARCAR",0
92,"San Acacia",2021,"CARCAR",0
100,"San Acacia",2021,"CARCAR",0
114,"San Acacia",2021,"CARCAR",0.00211193241816262
116,"San Acacia",2021,"CARCAR",0
117,"Isleta",2021,"CARCAR",0
127,"Isleta",2021,"CARCAR",0
131,"Isleta",2021,"CARCAR",0.0040318516278601
143,"Isleta",2021,"CARCAR",0
151,"Isleta",2021,"CARCAR",0.00208181534297908
162,"Isleta",2021,"CARCAR",0
106,"San Acacia",2021,"CARCAR",0
120,"Isleta",2021,"CARCAR",0
137,"Isleta",2021,"CARCAR",0
156,"Isleta",2021,"CARCAR",0
165,"Isleta",2021,"CARCAR",0
59,"San Acacia",2010,"GAMAFF",0
60,"San Acacia",2010,"GAMAFF",0.0669120107059217
69,"San Acacia",2010,"GAMAFF",0
79,"San Acacia",2010,"GAMAFF",0
87,"San Acacia",2010,"GAMAFF",0.0143552117393732
92,"San Acacia",2010,"GAMAFF",0.00561429774492374
100,"San Acacia",2010,"GAMAFF",0.0155975823747319
115,"San Acacia",2010,"GAMAFF",0.013836042891733
116,"San Acacia",2010,"GAMAFF",0
117,"Isleta",2010,"GAMAFF",0.0146279027244469
127,"Isleta",2010,"GAMAFF",0.102048047622422
131,"Isleta",2010,"GAMAFF",0.0464421960524133
143,"Isleta",2010,"GAMAFF",0.0635481023830538
152,"Isleta",2010,"GAMAFF",0.0800492610837438
161,"Isleta",2010,"GAMAFF",0.00274085240509799
59,"San Acacia",2011,"GAMAFF",0.00201816347124117
60,"San Acacia",2011,"GAMAFF",0.015343306482547
69,"San Acacia",2011,"GAMAFF",0.0166929425948252
79,"San Acacia",2011,"GAMAFF",0.00806045340050378
87,"San Acacia",2011,"GAMAFF",0.0461986542131164
92,"San Acacia",2011,"GAMAFF",0
100,"San Acacia",2011,"GAMAFF",0.00177635669242384
115,"San Acacia",2011,"GAMAFF",0.00197921820880752
116,"San Acacia",2011,"GAMAFF",0.00255134583492792
117,"Isleta",2011,"GAMAFF",0.0164460159526355
127,"Isleta",2011,"GAMAFF",0.229953414609971
131,"Isleta",2011,"GAMAFF",0.0623805211791931
143,"Isleta",2011,"GAMAFF",0.0570522979397781
152,"Isleta",2011,"GAMAFF",0.213730569948187
59,"San Acacia",2012,"GAMAFF",0.0161894161691794
60,"San Acacia",2012,"GAMAFF",0.0322353178200866
69,"San Acacia",2012,"GAMAFF",0
115,"San Acacia",2012,"GAMAFF",0.0195102916788606
116,"San Acacia",2012,"GAMAFF",0.00220921241577378
117,"Isleta",2012,"GAMAFF",0.00182315405651778
127,"Isleta",2012,"GAMAFF",0.559288965965749
131,"Isleta",2012,"GAMAFF",0.638676844783715
143,"Isleta",2012,"GAMAFF",0.224514563106796
152,"Isleta",2012,"GAMAFF",1.34190311961122
59,"San Acacia",2013,"GAMAFF",0
60,"San Acacia",2013,"GAMAFF",0.00800800800800801
69,"San Acacia",2013,"GAMAFF",0.00219394471259324
79,"San Acacia",2013,"GAMAFF",0.00576313514551916
87,"San Acacia",2013,"GAMAFF",0
92,"San Acacia",2013,"GAMAFF",0
100,"San Acacia",2013,"GAMAFF",0
115,"San Acacia",2013,"GAMAFF",0.012001200120012
116,"San Acacia",2013,"GAMAFF",0.00625521267723103
117,"Isleta",2013,"GAMAFF",0
127,"Isleta",2013,"GAMAFF",0.0649292091261611
131,"Isleta",2013,"GAMAFF",0.562945826103721
143,"Isleta",2013,"GAMAFF",0.379646193599682
152,"Isleta",2013,"GAMAFF",0.449282533399307
161,"Isleta",2013,"GAMAFF",0.0274536719286205
59,"San Acacia",2014,"GAMAFF",0
60,"San Acacia",2014,"GAMAFF",0.0128996590804386
69,"San Acacia",2014,"GAMAFF",0
79,"San Acacia",2014,"GAMAFF",0
87,"San Acacia",2014,"GAMAFF",0.0242399757600242
92,"San Acacia",2014,"GAMAFF",0.0188718808974628
100,"San Acacia",2014,"GAMAFF",0.010231051240515
115,"San Acacia",2014,"GAMAFF",0
116,"San Acacia",2014,"GAMAFF",0
117,"Isleta",2014,"GAMAFF",0
127,"Isleta",2014,"GAMAFF",0.0235132752032919
131,"Isleta",2014,"GAMAFF",0.0437593237195425
143,"Isleta",2014,"GAMAFF",0.144620131122252
152,"Isleta",2014,"GAMAFF",0.172957574524367
161,"Isleta",2014,"GAMAFF",0.0519130936358393
59,"San Acacia",2015,"GAMAFF",0.00535284146667856
60,"San Acacia",2015,"GAMAFF",0.061473610257311
69,"San Acacia",2015,"GAMAFF",0.00625978090766823
79,"San Acacia",2015,"GAMAFF",0
92,"San Acacia",2015,"GAMAFF",0.00405309555172763
100,"San Acacia",2015,"GAMAFF",0.00203748981255094
115,"San Acacia",2015,"GAMAFF",0.00554733727810651
116,"San Acacia",2015,"GAMAFF",0
117,"Isleta",2015,"GAMAFF",0.0436840189297415
127,"Isleta",2015,"GAMAFF",0.109168098655615
131,"Isleta",2015,"GAMAFF",0.2603693611868
143,"Isleta",2015,"GAMAFF",0.0176125244618395
152,"Isleta",2015,"GAMAFF",0.036508106947278
161,"Isleta",2015,"GAMAFF",0.00187195806813927
59,"San Acacia",2016,"GAMAFF",0.00555452693945566
60,"San Acacia",2016,"GAMAFF",0.0018723085564501
69,"San Acacia",2016,"GAMAFF",0
79,"San Acacia",2016,"GAMAFF",0
87,"San Acacia",2016,"GAMAFF",0.00684462696783025
92,"San Acacia",2016,"GAMAFF",0.0287847440856346
100,"San Acacia",2016,"GAMAFF",0.00193817230351778
115,"San Acacia",2016,"GAMAFF",0
116,"San Acacia",2016,"GAMAFF",0.0204331834899877
117,"Isleta",2016,"GAMAFF",0.0147316085075039
127,"Isleta",2016,"GAMAFF",0
131,"Isleta",2016,"GAMAFF",0.00536528659572565
143,"Isleta",2016,"GAMAFF",0.103191954525579
152,"Isleta",2016,"GAMAFF",0.0962199312714777
161,"Isleta",2016,"GAMAFF",0.02916514764856
59,"San Acacia",2017,"GAMAFF",0.0435233160621762
60,"San Acacia",2017,"GAMAFF",0.00640478223740393
69,"San Acacia",2017,"GAMAFF",0.00408538453681953
79,"San Acacia",2017,"GAMAFF",0.0596401028277635
87,"San Acacia",2017,"GAMAFF",0
92,"San Acacia",2017,"GAMAFF",0
100,"San Acacia",2017,"GAMAFF",0
115,"San Acacia",2017,"GAMAFF",0.0104755918709407
116,"San Acacia",2017,"GAMAFF",0
117,"Isleta",2017,"GAMAFF",0
127,"Isleta",2017,"GAMAFF",0.025
131,"Isleta",2017,"GAMAFF",0.11384845091452
143,"Isleta",2017,"GAMAFF",0.186563970902867
152,"Isleta",2017,"GAMAFF",0.0461494087107009
161,"Isleta",2017,"GAMAFF",0.113606106328215
107,"San Acacia",2017,"GAMAFF",0
120,"Isleta",2017,"GAMAFF",0.0204651162790698
137,"Isleta",2017,"GAMAFF",0.0152409982853877
156,"Isleta",2017,"GAMAFF",0.0975109058249936
165,"Isleta",2017,"GAMAFF",0.155824650333239
59,"San Acacia",2018,"GAMAFF",0.12060878721164
60,"San Acacia",2018,"GAMAFF",0.160416666666667
69,"San Acacia",2018,"GAMAFF",0.26025628290454
87,"San Acacia",2018,"GAMAFF",0.015826958586125
92,"San Acacia",2018,"GAMAFF",0.0219224283305228
100,"San Acacia",2018,"GAMAFF",0.0144875045273452
115,"San Acacia",2018,"GAMAFF",0
116,"San Acacia",2018,"GAMAFF",0.0323690066761076
117,"Isleta",2018,"GAMAFF",0.0016675004168751
127,"Isleta",2018,"GAMAFF",0.118653958373857
131,"Isleta",2018,"GAMAFF",0.246329687653956
143,"Isleta",2018,"GAMAFF",0.41724876594952
152,"Isleta",2018,"GAMAFF",0.124714196632717
161,"Isleta",2018,"GAMAFF",0.0403013842649378
107,"San Acacia",2018,"GAMAFF",0.0249592013055582
120,"Isleta",2018,"GAMAFF",0.0362286024816593
137,"Isleta",2018,"GAMAFF",0.483855605295742
156,"Isleta",2018,"GAMAFF",0.355098476763365
165,"Isleta",2018,"GAMAFF",0.0339467571913525
89,"San Acacia",2018,"GAMAFF",0.00566465256797583
58,"San Acacia",2019,"GAMAFF",0.0718237406580608
60,"San Acacia",2019,"GAMAFF",0.329829648423342
68,"San Acacia",2019,"GAMAFF",0.00200220242266493
79,"San Acacia",2019,"GAMAFF",0.103004291845494
88,"San Acacia",2019,"GAMAFF",0.0019495077492933
92,"San Acacia",2019,"GAMAFF",0.00579654139696648
100,"San Acacia",2019,"GAMAFF",0
114,"San Acacia",2019,"GAMAFF",0
116,"San Acacia",2019,"GAMAFF",0.00187108242118065
117,"Isleta",2019,"GAMAFF",0
127,"Isleta",2019,"GAMAFF",0.0284292821606254
131,"Isleta",2019,"GAMAFF",0.18036275205188
143,"Isleta",2019,"GAMAFF",0.0214508580343214
151,"Isleta",2019,"GAMAFF",0.0120036010803241
162,"Isleta",2019,"GAMAFF",0.0248780021050617
106,"San Acacia",2019,"GAMAFF",0
120,"Isleta",2019,"GAMAFF",0.0587639311043566
137,"Isleta",2019,"GAMAFF",0.308934881373044
156,"Isleta",2019,"GAMAFF",0.102107119650979
165,"Isleta",2019,"GAMAFF",0.16255442670537
58,"San Acacia",2020,"GAMAFF",0.108282455938256
60,"San Acacia",2020,"GAMAFF",0.149122807017544
68,"San Acacia",2020,"GAMAFF",0.125842696629213
79,"San Acacia",2020,"GAMAFF",0.4
100,"San Acacia",2020,"GAMAFF",0.00405967725565818
114,"San Acacia",2020,"GAMAFF",0.0878391567440953
116,"San Acacia",2020,"GAMAFF",0.302503832396525
117,"Isleta",2020,"GAMAFF",0.0483765931714578
127,"Isleta",2020,"GAMAFF",0.103492884864166
131,"Isleta",2020,"GAMAFF",0.105234509661617
143,"Isleta",2020,"GAMAFF",1.00573927302542
151,"Isleta",2020,"GAMAFF",0.0489987217724755
162,"Isleta",2020,"GAMAFF",1.1968263072364
106,"San Acacia",2020,"GAMAFF",0.00814912906183152
120,"Isleta",2020,"GAMAFF",0.349080267558528
137,"Isleta",2020,"GAMAFF",0.580304174306979
165,"Isleta",2020,"GAMAFF",0.149734647460197
63,"San Acacia",2020,"GAMAFF",0.319311398028599
96,"San Acacia",2020,"GAMAFF",0
150,"Isleta",2020,"GAMAFF",0.51885481330492
58,"San Acacia",2021,"GAMAFF",0.00427853246336507
60,"San Acacia",2021,"GAMAFF",0
68,"San Acacia",2021,"GAMAFF",0.0563890846843218
79,"San Acacia",2021,"GAMAFF",0.0070577856197618
88,"San Acacia",2021,"GAMAFF",0.00215540467722815
92,"San Acacia",2021,"GAMAFF",0.0019698611247907
100,"San Acacia",2021,"GAMAFF",0.0035987404408457
114,"San Acacia",2021,"GAMAFF",0.00844772967265047
116,"San Acacia",2021,"GAMAFF",0.0661498708010336
117,"Isleta",2021,"GAMAFF",0.00347916847873358
127,"Isleta",2021,"GAMAFF",0.288098549572819
131,"Isleta",2021,"GAMAFF",0.183449249067634
143,"Isleta",2021,"GAMAFF",0.298363811357074
151,"Isleta",2021,"GAMAFF",0.828562506505673
162,"Isleta",2021,"GAMAFF",0.0567015348518917
106,"San Acacia",2021,"GAMAFF",0.0019020446980504
120,"Isleta",2021,"GAMAFF",0.262255396409118
137,"Isleta",2021,"GAMAFF",0.0517416612769103
156,"Isleta",2021,"GAMAFF",0.227224008574491
165,"Isleta",2021,"GAMAFF",0.11748844375963
